[{"name":"actionsEdit","value":"e"},{"name":"actionsOpen","value":"o"},{"name":"actionsRemove","value":"shift+3"},{"name":"actionsRotateStar","value":"s"},{"name":"appCreateNote","value":"c"},{"name":"appKeyboardHelp","value":"?"},{"name":"appLang","value":""},{"name":"appProfiles","value":"[\"notes-db\"]"},{"name":"appSearch","value":"/"},{"name":"appVersion","value":"0.5.0"},{"name":"cloudStorage","value":"remotestorage","updated":1604498287015,"created":1604498287015},{"name":"dropboxKey","value":""},{"name":"editMode","value":"preview","updated":1604556530424,"created":1604556530424},{"name":"encrypt","value":"0"},{"name":"encryptBackup","value":{}},{"name":"encryptIter","value":"10000"},{"name":"encryptKeySize","value":"256"},{"name":"encryptPass","value":""},{"name":"encryptSalt","value":""},{"name":"encryptTag","value":"128"},{"name":"firstStart","value":"0","updated":1604498287026,"created":1604498287026},{"name":"jumpFavorite","value":"g f"},{"name":"jumpInbox","value":"g i"},{"name":"jumpNotebook","value":"g n"},{"name":"jumpOpenTasks","value":"g o"},{"name":"jumpRemoved","value":"g t"},{"name":"navigateBottom","value":"j"},{"name":"navigateTop","value":"k"},{"name":"pagination","value":"10"},{"name":"sortnotebooks","value":"created","updated":1604556530424,"created":1604556530424},{"name":"useDefaultConfigs","value":"1"}]